objectid,filename,title,creator,date,description,subjects,location,source,format,type,identifier,language,rights,rightsstatement
co1.pdf,co1.pdf,"Charlotte Creative March 18, 2009",Carolina Raptor Center,2009,Article about Spring Celebration at CRC.,raptors; wildlife; conservation,"Huntersville, NC; USA.",Carolina Raptor Center archives. carolinaraptorcenter.org.,application/pdf,Image;StillImage,co1,eng,"This Item is protected by copyright and/or related rights. You are free to use this Item in any way that is permitted by the copyright and related rights legislation that applies to your use. In addition, no permission is required from the rights-holder(s) for educational uses. For other uses, you need to obtain permission from the rights-holder(s).",https://rightsstatements.org/page/InC-EDU/1.0/?language=en
co2.pdf,co2.pdf,"Charlotte Observer April 12, 2015",Carolina Raptor Center,2015,Article about bird release.,raptors; wildlife; conservation,"Huntersville, NC; USA.",Carolina Raptor Center archives. carolinaraptorcenter.org.,application/pdf,Image;StillImage,co2,eng,"This Item is protected by copyright and/or related rights. You are free to use this Item in any way that is permitted by the copyright and related rights legislation that applies to your use. In addition, no permission is required from the rights-holder(s) for educational uses. For other uses, you need to obtain permission from the rights-holder(s).",https://rightsstatements.org/page/InC-EDU/1.0/?language=en
co3.pdf,co3.pdf,"Charlotte Observer April 21, 2016",Carolina Raptor Center,2016,Article about CRC behind-the-scenes tour.,raptors; wildlife; conservation,"Huntersville, NC; USA.",Carolina Raptor Center archives. carolinaraptorcenter.org.,application/pdf,Image;StillImage,co3,eng,"This Item is protected by copyright and/or related rights. You are free to use this Item in any way that is permitted by the copyright and related rights legislation that applies to your use. In addition, no permission is required from the rights-holder(s) for educational uses. For other uses, you need to obtain permission from the rights-holder(s).",https://rightsstatements.org/page/InC-EDU/1.0/?language=en
co4.pdf,co4.pdf,"Charlotte Observer April 22, 2002",Carolina Raptor Center,2022,Articles about owls.,raptors; wildlife; conservation,"Huntersville, NC; USA.",Carolina Raptor Center archives. carolinaraptorcenter.org.,application/pdf,Image;StillImage,co4,eng,"This Item is protected by copyright and/or related rights. You are free to use this Item in any way that is permitted by the copyright and related rights legislation that applies to your use. In addition, no permission is required from the rights-holder(s) for educational uses. For other uses, you need to obtain permission from the rights-holder(s).",https://rightsstatements.org/page/InC-EDU/1.0/?language=en
co5.pdf,co5.pdf,"Charlotte Observer April 27, 2016",Carolina Raptor Center,2016,Article advertising Breakfast with the Birds.,raptors; wildlife; conservation,"Huntersville, NC; USA.",Carolina Raptor Center archives. carolinaraptorcenter.org.,application/pdf,Image;StillImage,co5,eng,"This Item is protected by copyright and/or related rights. You are free to use this Item in any way that is permitted by the copyright and related rights legislation that applies to your use. In addition, no permission is required from the rights-holder(s) for educational uses. For other uses, you need to obtain permission from the rights-holder(s).",https://rightsstatements.org/page/InC-EDU/1.0/?language=en
co6.pdf,co6.pdf,"Charlotte Observer April 9, 2001",Carolina Raptor Center,2001,Article about Eagle release.,raptors; wildlife; conservation,"Huntersville, NC; USA.",Carolina Raptor Center archives. carolinaraptorcenter.org.,application/pdf,Image;StillImage,co6,eng,"This Item is protected by copyright and/or related rights. You are free to use this Item in any way that is permitted by the copyright and related rights legislation that applies to your use. In addition, no permission is required from the rights-holder(s) for educational uses. For other uses, you need to obtain permission from the rights-holder(s).",https://rightsstatements.org/page/InC-EDU/1.0/?language=en
co7.pdf,co7.pdf,"Charlotte Observer August 23, 2001",Carolina Raptor Center,2001,Article about Eagle at the beach.,raptors; wildlife; conservation,"Huntersville, NC; USA.",Carolina Raptor Center archives. carolinaraptorcenter.org.,application/pdf,Image;StillImage,co7,eng,"This Item is protected by copyright and/or related rights. You are free to use this Item in any way that is permitted by the copyright and related rights legislation that applies to your use. In addition, no permission is required from the rights-holder(s) for educational uses. For other uses, you need to obtain permission from the rights-holder(s).",https://rightsstatements.org/page/InC-EDU/1.0/?language=en
co8.pdf,co8.pdf,"Charlotte Observer August 27, 2011",Carolina Raptor Center,2011,Article about new bird at CRC.,raptors; wildlife; conservation,"Huntersville, NC; USA.",Carolina Raptor Center archives. carolinaraptorcenter.org.,application/pdf,Image;StillImage,co8,eng,"This Item is protected by copyright and/or related rights. You are free to use this Item in any way that is permitted by the copyright and related rights legislation that applies to your use. In addition, no permission is required from the rights-holder(s) for educational uses. For other uses, you need to obtain permission from the rights-holder(s).",https://rightsstatements.org/page/InC-EDU/1.0/?language=en
co9.pdf,co9.pdf,"Charlotte Observer December 12, 1999",Carolina Raptor Center,1999,Article about CRC bird release.,raptors; wildlife; conservation,"Huntersville, NC; USA.",Carolina Raptor Center archives. carolinaraptorcenter.org.,application/pdf,Image;StillImage,co9,eng,"This Item is protected by copyright and/or related rights. You are free to use this Item in any way that is permitted by the copyright and related rights legislation that applies to your use. In addition, no permission is required from the rights-holder(s) for educational uses. For other uses, you need to obtain permission from the rights-holder(s).",https://rightsstatements.org/page/InC-EDU/1.0/?language=en
co10.pdf,co10.pf,"Charlotte Observer December 13, 2001",Carolina Raptor Center,2001,Article about raptor rehab at CRC.,raptors; wildlife; conservation,"Huntersville, NC; USA.",Carolina Raptor Center archives. carolinaraptorcenter.org.,application/pdf,Image;StillImage,co10,eng,"This Item is protected by copyright and/or related rights. You are free to use this Item in any way that is permitted by the copyright and related rights legislation that applies to your use. In addition, no permission is required from the rights-holder(s) for educational uses. For other uses, you need to obtain permission from the rights-holder(s).",https://rightsstatements.org/page/InC-EDU/1.0/?language=en
co11.pdf,co11.pdf,"Charlotte Observer December 27, 1992",Carolina Raptor Center,1992,Comic about CRC.,raptors; wildlife; conservation,"Huntersville, NC; USA.",Carolina Raptor Center archives. carolinaraptorcenter.org.,application/pdf,Image;StillImage,co11,eng,"This Item is protected by copyright and/or related rights. You are free to use this Item in any way that is permitted by the copyright and related rights legislation that applies to your use. In addition, no permission is required from the rights-holder(s) for educational uses. For other uses, you need to obtain permission from the rights-holder(s).",https://rightsstatements.org/page/InC-EDU/1.0/?language=en
co12.pdf,co12.pdf,"Charlotte Observer December 28, 2016",Carolina Raptor Center,2016,Article about CRC fundraising.,raptors; wildlife; conservation,"Huntersville, NC; USA.",Carolina Raptor Center archives. carolinaraptorcenter.org.,application/pdf,Image;StillImage,co12,eng,"This Item is protected by copyright and/or related rights. You are free to use this Item in any way that is permitted by the copyright and related rights legislation that applies to your use. In addition, no permission is required from the rights-holder(s) for educational uses. For other uses, you need to obtain permission from the rights-holder(s).",https://rightsstatements.org/page/InC-EDU/1.0/?language=en
co13.pdf,co13.pdf,"Charlotte Observer February 13, 2008",Carolina Raptor Center,2008,Article about CRC.,raptors; wildlife; conservation,"Huntersville, NC; USA.",Carolina Raptor Center archives. carolinaraptorcenter.org.,application/pdf,Image;StillImage,co13,eng,"This Item is protected by copyright and/or related rights. You are free to use this Item in any way that is permitted by the copyright and related rights legislation that applies to your use. In addition, no permission is required from the rights-holder(s) for educational uses. For other uses, you need to obtain permission from the rights-holder(s).",https://rightsstatements.org/page/InC-EDU/1.0/?language=en
co14.pdf,co14.pdf,"Charlotte Observer February 22, 2002",Carolina Raptor Center,2002,Article about food drive.,raptors; wildlife; conservation,"Huntersville, NC; USA.",Carolina Raptor Center archives. carolinaraptorcenter.org.,application/pdf,Image;StillImage,co14,eng,"This Item is protected by copyright and/or related rights. You are free to use this Item in any way that is permitted by the copyright and related rights legislation that applies to your use. In addition, no permission is required from the rights-holder(s) for educational uses. For other uses, you need to obtain permission from the rights-holder(s).",https://rightsstatements.org/page/InC-EDU/1.0/?language=en
co15.pdf,co15.pdf,"Charlotte Observer February 26, 1986",Carolina Raptor Center,1986,Article about bird release.,raptors; wildlife; conservation,"Huntersville, NC; USA.",Carolina Raptor Center archives. carolinaraptorcenter.org.,application/pdf,Image;StillImage,co15,eng,"This Item is protected by copyright and/or related rights. You are free to use this Item in any way that is permitted by the copyright and related rights legislation that applies to your use. In addition, no permission is required from the rights-holder(s) for educational uses. For other uses, you need to obtain permission from the rights-holder(s).",https://rightsstatements.org/page/InC-EDU/1.0/?language=en
co16.pdf,co16.pdf,"Charlotte Observer February 27, 2002",Carolina Raptor Center,2002,Article about a child who loved raptors.,raptors; wildlife; conservation,"Huntersville, NC; USA.",Carolina Raptor Center archives. carolinaraptorcenter.org.,application/pdf,Image;StillImage,co16,eng,"This Item is protected by copyright and/or related rights. You are free to use this Item in any way that is permitted by the copyright and related rights legislation that applies to your use. In addition, no permission is required from the rights-holder(s) for educational uses. For other uses, you need to obtain permission from the rights-holder(s).",https://rightsstatements.org/page/InC-EDU/1.0/?language=en
co17.pdf,co17.pdf,"Charlotte Observer February 6, 2018",Carolina Raptor Center,2018,Article about bird release.,raptors; wildlife; conservation,"Huntersville, NC; USA.",Carolina Raptor Center archives. carolinaraptorcenter.org.,application/pdf,Image;StillImage,co17,eng,"This Item is protected by copyright and/or related rights. You are free to use this Item in any way that is permitted by the copyright and related rights legislation that applies to your use. In addition, no permission is required from the rights-holder(s) for educational uses. For other uses, you need to obtain permission from the rights-holder(s).",https://rightsstatements.org/page/InC-EDU/1.0/?language=en
co18.pdf,co18.pdf,"Charlotte Observer January 15, 2001",Carolina Raptor Center,2001,Article about Eagles.,raptors; wildlife; conservation,"Huntersville, NC; USA.",Carolina Raptor Center archives. carolinaraptorcenter.org.,application/pdf,Image;StillImage,co18,eng,"This Item is protected by copyright and/or related rights. You are free to use this Item in any way that is permitted by the copyright and related rights legislation that applies to your use. In addition, no permission is required from the rights-holder(s) for educational uses. For other uses, you need to obtain permission from the rights-holder(s).",https://rightsstatements.org/page/InC-EDU/1.0/?language=en
co19.pdf,co19.pdf,"Charlotte Observer January 23, 2012",Carolina Raptor Center,2012,Article bird release.,raptors; wildlife; conservation,"Huntersville, NC; USA.",Carolina Raptor Center archives. carolinaraptorcenter.org.,application/pdf,Image;StillImage,co19,eng,"This Item is protected by copyright and/or related rights. You are free to use this Item in any way that is permitted by the copyright and related rights legislation that applies to your use. In addition, no permission is required from the rights-holder(s) for educational uses. For other uses, you need to obtain permission from the rights-holder(s).",https://rightsstatements.org/page/InC-EDU/1.0/?language=en
co20.pdf,co20.pdf,"Charlotte Observer January 26, 2009",Carolina Raptor Center,2009,Article about bird release.,raptors; wildlife; conservation,"Huntersville, NC; USA.",Carolina Raptor Center archives. carolinaraptorcenter.org.,application/pdf,Image;StillImage,co20,eng,"This Item is protected by copyright and/or related rights. You are free to use this Item in any way that is permitted by the copyright and related rights legislation that applies to your use. In addition, no permission is required from the rights-holder(s) for educational uses. For other uses, you need to obtain permission from the rights-holder(s).",https://rightsstatements.org/page/InC-EDU/1.0/?language=en
co21.pdf,co21.pdf,"Charlotte Observer January 4, 1992",Carolina Raptor Center,1992,Article about raptor rehab at CRC.,raptors; wildlife; conservation,"Huntersville, NC; USA.",Carolina Raptor Center archives. carolinaraptorcenter.org.,application/pdf,Image;StillImage,co21,eng,"This Item is protected by copyright and/or related rights. You are free to use this Item in any way that is permitted by the copyright and related rights legislation that applies to your use. In addition, no permission is required from the rights-holder(s) for educational uses. For other uses, you need to obtain permission from the rights-holder(s).",https://rightsstatements.org/page/InC-EDU/1.0/?language=en
co22.pdf,co22.pdf,"Charlotte Observer January 4, 2017",Carolina Raptor Center,2017,Article about CRC care.,raptors; wildlife; conservation,"Huntersville, NC; USA.",Carolina Raptor Center archives. carolinaraptorcenter.org.,application/pdf,Image;StillImage,co22,eng,"This Item is protected by copyright and/or related rights. You are free to use this Item in any way that is permitted by the copyright and related rights legislation that applies to your use. In addition, no permission is required from the rights-holder(s) for educational uses. For other uses, you need to obtain permission from the rights-holder(s).",https://rightsstatements.org/page/InC-EDU/1.0/?language=en
co23.pdf,co23.pdf,"Charlotte Observer July 13, 2014",Carolina Raptor Center,2014,Article about bird release.,raptors; wildlife; conservation,"Huntersville, NC; USA.",Carolina Raptor Center archives. carolinaraptorcenter.org.,application/pdf,Image;StillImage,co23,eng,"This Item is protected by copyright and/or related rights. You are free to use this Item in any way that is permitted by the copyright and related rights legislation that applies to your use. In addition, no permission is required from the rights-holder(s) for educational uses. For other uses, you need to obtain permission from the rights-holder(s).",https://rightsstatements.org/page/InC-EDU/1.0/?language=en
co24.pdf,co24.pdf,"Charlotte Observer July 19, 2015",Carolina Raptor Center,2015,Article about donation to CRC.,raptors; wildlife; conservation,"Huntersville, NC; USA.",Carolina Raptor Center archives. carolinaraptorcenter.org.,application/pdf,Image;StillImage,co24,eng,"This Item is protected by copyright and/or related rights. You are free to use this Item in any way that is permitted by the copyright and related rights legislation that applies to your use. In addition, no permission is required from the rights-holder(s) for educational uses. For other uses, you need to obtain permission from the rights-holder(s).",https://rightsstatements.org/page/InC-EDU/1.0/?language=en
co25.pdf,co25.pdf,"Charlotte Observer July 27, 1993",Carolina Raptor Center,1993,Article about bird release.,raptors; wildlife; conservation,"Huntersville, NC; USA.",Carolina Raptor Center archives. carolinaraptorcenter.org.,application/pdf,Image;StillImage,co25,eng,"This Item is protected by copyright and/or related rights. You are free to use this Item in any way that is permitted by the copyright and related rights legislation that applies to your use. In addition, no permission is required from the rights-holder(s) for educational uses. For other uses, you need to obtain permission from the rights-holder(s).",https://rightsstatements.org/page/InC-EDU/1.0/?language=en
co26.pdf,co26.pdf,"Charlotte Observer July 28, 1991",Carolina Raptor Center,1991,Article about bird release.,raptors; wildlife; conservation,"Huntersville, NC; USA.",Carolina Raptor Center archives. carolinaraptorcenter.org.,application/pdf,Image;StillImage,co26,eng,"This Item is protected by copyright and/or related rights. You are free to use this Item in any way that is permitted by the copyright and related rights legislation that applies to your use. In addition, no permission is required from the rights-holder(s) for educational uses. For other uses, you need to obtain permission from the rights-holder(s).",https://rightsstatements.org/page/InC-EDU/1.0/?language=en
co27.pdf,co27.pdf,"Charlotte Observer July 28, 2001",Carolina Raptor Center,2001,Article about Hawk medical testing.,raptors; wildlife; conservation,"Huntersville, NC; USA.",Carolina Raptor Center archives. carolinaraptorcenter.org.,application/pdf,Image;StillImage,co27,eng,"This Item is protected by copyright and/or related rights. You are free to use this Item in any way that is permitted by the copyright and related rights legislation that applies to your use. In addition, no permission is required from the rights-holder(s) for educational uses. For other uses, you need to obtain permission from the rights-holder(s).",https://rightsstatements.org/page/InC-EDU/1.0/?language=en
co28.pdf,co28.pdf,"Charlotte Observer July 4, 2008",Carolina Raptor Center,2008,Article about CRC.,raptors; wildlife; conservation,"Huntersville, NC; USA.",Carolina Raptor Center archives. carolinaraptorcenter.org.,application/pdf,Image;StillImage,co28,eng,"This Item is protected by copyright and/or related rights. You are free to use this Item in any way that is permitted by the copyright and related rights legislation that applies to your use. In addition, no permission is required from the rights-holder(s) for educational uses. For other uses, you need to obtain permission from the rights-holder(s).",https://rightsstatements.org/page/InC-EDU/1.0/?language=en
co29.pdf,co29.pdf,"Charlotte Observer July 6, 2009",Carolina Raptor Center,2009,Article about bird release.,raptors; wildlife; conservation,"Huntersville, NC; USA.",Carolina Raptor Center archives. carolinaraptorcenter.org.,application/pdf,Image;StillImage,co29,eng,"This Item is protected by copyright and/or related rights. You are free to use this Item in any way that is permitted by the copyright and related rights legislation that applies to your use. In addition, no permission is required from the rights-holder(s) for educational uses. For other uses, you need to obtain permission from the rights-holder(s).",https://rightsstatements.org/page/InC-EDU/1.0/?language=en
co30.pdf,co30.pdf,Charlotte Observer July 7 1997,Carolina Raptor Center,1997,Article about bird release.,raptors; wildlife; conservation,"Huntersville, NC; USA.",Carolina Raptor Center archives. carolinaraptorcenter.org.,application/pdf,Image;StillImage,co30,eng,"This Item is protected by copyright and/or related rights. You are free to use this Item in any way that is permitted by the copyright and related rights legislation that applies to your use. In addition, no permission is required from the rights-holder(s) for educational uses. For other uses, you need to obtain permission from the rights-holder(s).",https://rightsstatements.org/page/InC-EDU/1.0/?language=en
co31.pdf,co31.pdf,"Charlotte Observer June 13, 2001",Carolina Raptor Center,2001,Article about bird release.,raptors; wildlife; conservation,"Huntersville, NC; USA.",Carolina Raptor Center archives. carolinaraptorcenter.org.,application/pdf,Image;StillImage,co31,eng,"This Item is protected by copyright and/or related rights. You are free to use this Item in any way that is permitted by the copyright and related rights legislation that applies to your use. In addition, no permission is required from the rights-holder(s) for educational uses. For other uses, you need to obtain permission from the rights-holder(s).",https://rightsstatements.org/page/InC-EDU/1.0/?language=en
co32.pdf,co32.pdf,"Charlotte Observer June 16, 2013",Carolina Raptor Center,2013,Article about camp at CRC.,raptors; wildlife; conservation,"Huntersville, NC; USA.",Carolina Raptor Center archives. carolinaraptorcenter.org.,application/pdf,Image;StillImage,co32,eng,"This Item is protected by copyright and/or related rights. You are free to use this Item in any way that is permitted by the copyright and related rights legislation that applies to your use. In addition, no permission is required from the rights-holder(s) for educational uses. For other uses, you need to obtain permission from the rights-holder(s).",https://rightsstatements.org/page/InC-EDU/1.0/?language=en
co33.pdf,co33.pdf,"Charlotte Observer June 27, 2011",Carolina Raptor Center,2011,Article about Charlotte ornithologist.,raptors; wildlife; conservation,"Huntersville, NC; USA.",Carolina Raptor Center archives. carolinaraptorcenter.org.,application/pdf,Image;StillImage,co33,eng,"This Item is protected by copyright and/or related rights. You are free to use this Item in any way that is permitted by the copyright and related rights legislation that applies to your use. In addition, no permission is required from the rights-holder(s) for educational uses. For other uses, you need to obtain permission from the rights-holder(s).",https://rightsstatements.org/page/InC-EDU/1.0/?language=en
co34.pdf,co34.pdf,"Charlotte Observer June 6, 2008",Carolina Raptor Center,2008,Article about CRC programs.,raptors; wildlife; conservation,"Huntersville, NC; USA.",Carolina Raptor Center archives. carolinaraptorcenter.org.,application/pdf,Image;StillImage,co34,eng,"This Item is protected by copyright and/or related rights. You are free to use this Item in any way that is permitted by the copyright and related rights legislation that applies to your use. In addition, no permission is required from the rights-holder(s) for educational uses. For other uses, you need to obtain permission from the rights-holder(s).",https://rightsstatements.org/page/InC-EDU/1.0/?language=en
co35.pdf,co35.pdf,"Charlotte Observer June 7, 2015",Carolina Raptor Center,2015,Article about CRC rehab.,raptors; wildlife; conservation,"Huntersville, NC; USA.",Carolina Raptor Center archives. carolinaraptorcenter.org.,application/pdf,Image;StillImage,co35,eng,"This Item is protected by copyright and/or related rights. You are free to use this Item in any way that is permitted by the copyright and related rights legislation that applies to your use. In addition, no permission is required from the rights-holder(s) for educational uses. For other uses, you need to obtain permission from the rights-holder(s).",https://rightsstatements.org/page/InC-EDU/1.0/?language=en
co36.pdf,co36.pdf,Charlotte Observer Lifestyle Magazine 2014-2015,Carolina Raptor Center,2014-2015,Article about CRC programs.,raptors; wildlife; conservation,"Huntersville, NC; USA.",Carolina Raptor Center archives. carolinaraptorcenter.org.,application/pdf,Image;StillImage,co36,eng,"This Item is protected by copyright and/or related rights. You are free to use this Item in any way that is permitted by the copyright and related rights legislation that applies to your use. In addition, no permission is required from the rights-holder(s) for educational uses. For other uses, you need to obtain permission from the rights-holder(s).",https://rightsstatements.org/page/InC-EDU/1.0/?language=en
co37.pdf,co37.pdf,"Charlotte Observer March 23, 2008",Carolina Raptor Center,2008,Article about bird release.,raptors; wildlife; conservation,"Huntersville, NC; USA.",Carolina Raptor Center archives. carolinaraptorcenter.org.,application/pdf,Image;StillImage,co37,eng,"This Item is protected by copyright and/or related rights. You are free to use this Item in any way that is permitted by the copyright and related rights legislation that applies to your use. In addition, no permission is required from the rights-holder(s) for educational uses. For other uses, you need to obtain permission from the rights-holder(s).",https://rightsstatements.org/page/InC-EDU/1.0/?language=en
co38.pdf,co38.pdf,"Charlotte Observer March 27, 1998",Carolina Raptor Center,1998,Article about CRC aviary.,raptors; wildlife; conservation,"Huntersville, NC; USA.",Carolina Raptor Center archives. carolinaraptorcenter.org.,application/pdf,Image;StillImage,co38,eng,"This Item is protected by copyright and/or related rights. You are free to use this Item in any way that is permitted by the copyright and related rights legislation that applies to your use. In addition, no permission is required from the rights-holder(s) for educational uses. For other uses, you need to obtain permission from the rights-holder(s).",https://rightsstatements.org/page/InC-EDU/1.0/?language=en
co39.pdf,co39.pdf,"Charlotte Observer March 28, 2018",Carolina Raptor Center,2018,Article about bird release.,raptors; wildlife; conservation,"Huntersville, NC; USA.",Carolina Raptor Center archives. carolinaraptorcenter.org.,application/pdf,Image;StillImage,co39,eng,"This Item is protected by copyright and/or related rights. You are free to use this Item in any way that is permitted by the copyright and related rights legislation that applies to your use. In addition, no permission is required from the rights-holder(s) for educational uses. For other uses, you need to obtain permission from the rights-holder(s).",https://rightsstatements.org/page/InC-EDU/1.0/?language=en
co40.pdf,co40.pdf,"Charlotte Observer March 3, 2001",Carolina Raptor Center,2001,Article about CRC rehab.,raptors; wildlife; conservation,"Huntersville, NC; USA.",Carolina Raptor Center archives. carolinaraptorcenter.org.,application/pdf,Image;StillImage,co40,eng,"This Item is protected by copyright and/or related rights. You are free to use this Item in any way that is permitted by the copyright and related rights legislation that applies to your use. In addition, no permission is required from the rights-holder(s) for educational uses. For other uses, you need to obtain permission from the rights-holder(s).",https://rightsstatements.org/page/InC-EDU/1.0/?language=en
co41.pdf,co41.pdf,"Charlotte Observer March 7, 2000",Carolina Raptor Center,2000,Article about bird release.,raptors; wildlife; conservation,"Huntersville, NC; USA.",Carolina Raptor Center archives. carolinaraptorcenter.org.,application/pdf,Image;StillImage,co41,eng,"This Item is protected by copyright and/or related rights. You are free to use this Item in any way that is permitted by the copyright and related rights legislation that applies to your use. In addition, no permission is required from the rights-holder(s) for educational uses. For other uses, you need to obtain permission from the rights-holder(s).",https://rightsstatements.org/page/InC-EDU/1.0/?language=en
co42.pdf,co42.pdf,"Charlotte Observer May 11, 2013",Carolina Raptor Center,2013,Article about raptor chick.,raptors; wildlife; conservation,"Huntersville, NC; USA.",Carolina Raptor Center archives. carolinaraptorcenter.org.,application/pdf,Image;StillImage,co42,eng,"This Item is protected by copyright and/or related rights. You are free to use this Item in any way that is permitted by the copyright and related rights legislation that applies to your use. In addition, no permission is required from the rights-holder(s) for educational uses. For other uses, you need to obtain permission from the rights-holder(s).",https://rightsstatements.org/page/InC-EDU/1.0/?language=en
co43.pdf,co43.pdf,Charlotte Observer May 1991,Carolina Raptor Center,1991,Article about environmental heroes.,raptors; wildlife; conservation,"Huntersville, NC; USA.",Carolina Raptor Center archives. carolinaraptorcenter.org.,application/pdf,Image;StillImage,co43,eng,"This Item is protected by copyright and/or related rights. You are free to use this Item in any way that is permitted by the copyright and related rights legislation that applies to your use. In addition, no permission is required from the rights-holder(s) for educational uses. For other uses, you need to obtain permission from the rights-holder(s).",https://rightsstatements.org/page/InC-EDU/1.0/?language=en
co44.pdf,co44.pdf,"Charlotte Observer May 20, 2000",Carolina Raptor Center,2000,Article about raptor rehab at CRC.,raptors; wildlife; conservation,"Huntersville, NC; USA.",Carolina Raptor Center archives. carolinaraptorcenter.org.,application/pdf,Image;StillImage,co44,eng,"This Item is protected by copyright and/or related rights. You are free to use this Item in any way that is permitted by the copyright and related rights legislation that applies to your use. In addition, no permission is required from the rights-holder(s) for educational uses. For other uses, you need to obtain permission from the rights-holder(s).",https://rightsstatements.org/page/InC-EDU/1.0/?language=en
co45.pdf,co45.pdf,"Charlotte Observer May 23, 2012",Carolina Raptor Center,2012,CRC ad.,raptors; wildlife; conservation,"Huntersville, NC; USA.",Carolina Raptor Center archives. carolinaraptorcenter.org.,application/pdf,Image;StillImage,co45,eng,"This Item is protected by copyright and/or related rights. You are free to use this Item in any way that is permitted by the copyright and related rights legislation that applies to your use. In addition, no permission is required from the rights-holder(s) for educational uses. For other uses, you need to obtain permission from the rights-holder(s).",https://rightsstatements.org/page/InC-EDU/1.0/?language=en
co46.pdf,co46.pdf,"Charlotte Observer May 25, 1992",Carolina Raptor Center,1992,Article about CRC facility.,raptors; wildlife; conservation,"Huntersville, NC; USA.",Carolina Raptor Center archives. carolinaraptorcenter.org.,application/pdf,Image;StillImage,co46,eng,"This Item is protected by copyright and/or related rights. You are free to use this Item in any way that is permitted by the copyright and related rights legislation that applies to your use. In addition, no permission is required from the rights-holder(s) for educational uses. For other uses, you need to obtain permission from the rights-holder(s).",https://rightsstatements.org/page/InC-EDU/1.0/?language=en
co47.pdf,co47.pdf,"Charlotte Observer May 30, 1993",Carolina Raptor Center,1993,Article about raptor rehab at CRC.,raptors; wildlife; conservation,"Huntersville, NC; USA.",Carolina Raptor Center archives. carolinaraptorcenter.org.,application/pdf,Image;StillImage,co47,eng,"This Item is protected by copyright and/or related rights. You are free to use this Item in any way that is permitted by the copyright and related rights legislation that applies to your use. In addition, no permission is required from the rights-holder(s) for educational uses. For other uses, you need to obtain permission from the rights-holder(s).",https://rightsstatements.org/page/InC-EDU/1.0/?language=en
co48.pdf,co48.pdf,"Charlotte Observer May 7, 1999",Carolina Raptor Center,1999,CRC ad.,raptors; wildlife; conservation,"Huntersville, NC; USA.",Carolina Raptor Center archives. carolinaraptorcenter.org.,application/pdf,Image;StillImage,co48,eng,"This Item is protected by copyright and/or related rights. You are free to use this Item in any way that is permitted by the copyright and related rights legislation that applies to your use. In addition, no permission is required from the rights-holder(s) for educational uses. For other uses, you need to obtain permission from the rights-holder(s).",https://rightsstatements.org/page/InC-EDU/1.0/?language=en
co49.pdf,co49.pdf,"Charlotte Observer May 8, 2016",Carolina Raptor Center,2016,CRC ad.,raptors; wildlife; conservation,"Huntersville, NC; USA.",Carolina Raptor Center archives. carolinaraptorcenter.org.,application/pdf,Image;StillImage,co49,eng,"This Item is protected by copyright and/or related rights. You are free to use this Item in any way that is permitted by the copyright and related rights legislation that applies to your use. In addition, no permission is required from the rights-holder(s) for educational uses. For other uses, you need to obtain permission from the rights-holder(s).",https://rightsstatements.org/page/InC-EDU/1.0/?language=en
co50.pdf,co50.pdf,"Charlotte Observer November 22, 1987",Carolina Raptor Center,1987,Article about raptor rehab at CRC.,raptors; wildlife; conservation,"Huntersville, NC; USA.",Carolina Raptor Center archives. carolinaraptorcenter.org.,application/pdf,Image;StillImage,co50,eng,"This Item is protected by copyright and/or related rights. You are free to use this Item in any way that is permitted by the copyright and related rights legislation that applies to your use. In addition, no permission is required from the rights-holder(s) for educational uses. For other uses, you need to obtain permission from the rights-holder(s).",https://rightsstatements.org/page/InC-EDU/1.0/?language=en
co51.pdf,co51.pdf,"Charlotte Observer October 11, 2002",Carolina Raptor Center,2002,Article about raptors.,raptors; wildlife; conservation,"Huntersville, NC; USA.",Carolina Raptor Center archives. carolinaraptorcenter.org.,application/pdf,Image;StillImage,co51,eng,"This Item is protected by copyright and/or related rights. You are free to use this Item in any way that is permitted by the copyright and related rights legislation that applies to your use. In addition, no permission is required from the rights-holder(s) for educational uses. For other uses, you need to obtain permission from the rights-holder(s).",https://rightsstatements.org/page/InC-EDU/1.0/?language=en
co52.pdf,co52.pdf,"Charlotte Observer October 19, 2014",Carolina Raptor Center,2014,Article about injured Hawk.,raptors; wildlife; conservation,"Huntersville, NC; USA.",Carolina Raptor Center archives. carolinaraptorcenter.org.,application/pdf,Image;StillImage,co52,eng,"This Item is protected by copyright and/or related rights. You are free to use this Item in any way that is permitted by the copyright and related rights legislation that applies to your use. In addition, no permission is required from the rights-holder(s) for educational uses. For other uses, you need to obtain permission from the rights-holder(s).",https://rightsstatements.org/page/InC-EDU/1.0/?language=en
co53.pdf,co53.pdf,Charlotte Observer October 26 1993,Carolina Raptor Center,1993,Article about stolen Golden Eagles.,raptors; wildlife; conservation,"Huntersville, NC; USA.",Carolina Raptor Center archives. carolinaraptorcenter.org.,application/pdf,Image;StillImage,co53,eng,"This Item is protected by copyright and/or related rights. You are free to use this Item in any way that is permitted by the copyright and related rights legislation that applies to your use. In addition, no permission is required from the rights-holder(s) for educational uses. For other uses, you need to obtain permission from the rights-holder(s).",https://rightsstatements.org/page/InC-EDU/1.0/?language=en
co54.pdf,co54.pdf,"Charlotte Observer October 26, 1993",Carolina Raptor Center,1993,Article about stolen Golden Eagles.,raptors; wildlife; conservation,"Huntersville, NC; USA.",Carolina Raptor Center archives. carolinaraptorcenter.org.,application/pdf,Image;StillImage,co54,eng,"This Item is protected by copyright and/or related rights. You are free to use this Item in any way that is permitted by the copyright and related rights legislation that applies to your use. In addition, no permission is required from the rights-holder(s) for educational uses. For other uses, you need to obtain permission from the rights-holder(s).",https://rightsstatements.org/page/InC-EDU/1.0/?language=en
co55.pdf,co55.pdf,"Charlotte Observer October 3, 1993",Carolina Raptor Center,1993,Article about donation to CRC.,raptors; wildlife; conservation,"Huntersville, NC; USA.",Carolina Raptor Center archives. carolinaraptorcenter.org.,application/pdf,Image;StillImage,co55,eng,"This Item is protected by copyright and/or related rights. You are free to use this Item in any way that is permitted by the copyright and related rights legislation that applies to your use. In addition, no permission is required from the rights-holder(s) for educational uses. For other uses, you need to obtain permission from the rights-holder(s).",https://rightsstatements.org/page/InC-EDU/1.0/?language=en
co56.pdf,co56.pdf,"Charlotte Observer September 13, 1993",Carolina Raptor Center,1993,Picture of CRC staff.,raptors; wildlife; conservation,"Huntersville, NC; USA.",Carolina Raptor Center archives. carolinaraptorcenter.org.,application/pdf,Image;StillImage,co56,eng,"This Item is protected by copyright and/or related rights. You are free to use this Item in any way that is permitted by the copyright and related rights legislation that applies to your use. In addition, no permission is required from the rights-holder(s) for educational uses. For other uses, you need to obtain permission from the rights-holder(s).",https://rightsstatements.org/page/InC-EDU/1.0/?language=en
co57.pdf,co57.pdf,"Charlotte Observer September 18, 2015",Carolina Raptor Center,2015,CRC ad.,raptors; wildlife; conservation,"Huntersville, NC; USA.",Carolina Raptor Center archives. carolinaraptorcenter.org.,application/pdf,Image;StillImage,co57,eng,"This Item is protected by copyright and/or related rights. You are free to use this Item in any way that is permitted by the copyright and related rights legislation that applies to your use. In addition, no permission is required from the rights-holder(s) for educational uses. For other uses, you need to obtain permission from the rights-holder(s).",https://rightsstatements.org/page/InC-EDU/1.0/?language=en 
co58.pdf,co58.pdf,"Charlotte Observer September 19, 2015",Carolina Raptor Center,2015,CRC ad.,raptors; wildlife; conservation,"Huntersville, NC; USA.",Carolina Raptor Center archives. carolinaraptorcenter.org.,application/pdf,Image;StillImage,co58,eng,"This Item is protected by copyright and/or related rights. You are free to use this Item in any way that is permitted by the copyright and related rights legislation that applies to your use. In addition, no permission is required from the rights-holder(s) for educational uses. For other uses, you need to obtain permission from the rights-holder(s).",https://rightsstatements.org/page/InC-EDU/1.0/?language=en
co59.pdf,co59.pdf,"Charlotte Observer September 28, 2008",Carolina Raptor Center,2008,CRC ad.,raptors; wildlife; conservation,"Huntersville, NC; USA.",Carolina Raptor Center archives. carolinaraptorcenter.org.,application/pdf,Image;StillImage,co59,eng,"This Item is protected by copyright and/or related rights. You are free to use this Item in any way that is permitted by the copyright and related rights legislation that applies to your use. In addition, no permission is required from the rights-holder(s) for educational uses. For other uses, you need to obtain permission from the rights-holder(s).",https://rightsstatements.org/page/InC-EDU/1.0/?language=en
co60.pdf,co60.pdf,"Charlotte Observer September 30, 1990",Carolina Raptor Center,1990,Article about fundraising.,raptors; wildlife; conservation,"Huntersville, NC; USA.",Carolina Raptor Center archives. carolinaraptorcenter.org.,application/pdf,Image;StillImage,co60,eng,"This Item is protected by copyright and/or related rights. You are free to use this Item in any way that is permitted by the copyright and related rights legislation that applies to your use. In addition, no permission is required from the rights-holder(s) for educational uses. For other uses, you need to obtain permission from the rights-holder(s).",https://rightsstatements.org/page/InC-EDU/1.0/?language=en
co61.pdf,co61.pdf,"Charlotte Reporter October 8, 2002",Carolina Raptor Center,1992,Report from the Rotary Club.,raptors; wildlife; conservation,"Huntersville, NC; USA.",Carolina Raptor Center archives. carolinaraptorcenter.org.,application/pdf,Image;StillImage,co61,eng,"This Item is protected by copyright and/or related rights. You are free to use this Item in any way that is permitted by the copyright and related rights legislation that applies to your use. In addition, no permission is required from the rights-holder(s) for educational uses. For other uses, you need to obtain permission from the rights-holder(s).",https://rightsstatements.org/page/InC-EDU/1.0/?language=en
co62.pdf,co62.pdf,Ned and Nellie Undated Article,Carolina Raptor Center,n.d.,Article about owls Ned and Nellie at CRC.,raptors; wildlife; conservation,"Huntersville, NC; USA.",Carolina Raptor Center archives. carolinaraptorcenter.org.,application/pdf,Image;StillImage,co62,eng,"This Item is protected by copyright and/or related rights. You are free to use this Item in any way that is permitted by the copyright and related rights legislation that applies to your use. In addition, no permission is required from the rights-holder(s) for educational uses. For other uses, you need to obtain permission from the rights-holder(s).",https://rightsstatements.org/page/InC-EDU/1.0/?language=en
co63.pdf,co63.pdf,"Charlotte Observer April 27, 2016",Carolina Raptor Center,2016,Article about cleaning up trash.,raptors; wildlife; conservation,"Huntersville, NC; USA.",Carolina Raptor Center archives. carolinaraptorcenter.org.,application/pdf,Image;StillImage,co63,eng,"This Item is protected by copyright and/or related rights. You are free to use this Item in any way that is permitted by the copyright and related rights legislation that applies to your use. In addition, no permission is required from the rights-holder(s) for educational uses. For other uses, you need to obtain permission from the rights-holder(s).",https://rightsstatements.org/page/InC-EDU/1.0/?language=en
co64.pdf,co64.pdf,"Charlotte Observer April 9, 2001",Carolina Raptor Center,2001,Article about bird release.,raptors; wildlife; conservation,"Huntersville, NC; USA.",Carolina Raptor Center archives. carolinaraptorcenter.org.,application/pdf,Image;StillImage,co64,eng,"This Item is protected by copyright and/or related rights. You are free to use this Item in any way that is permitted by the copyright and related rights legislation that applies to your use. In addition, no permission is required from the rights-holder(s) for educational uses. For other uses, you need to obtain permission from the rights-holder(s).",https://rightsstatements.org/page/InC-EDU/1.0/?language=en
co65.pdf,co65.pdf,"Charlotte Observer December 4, 2013",Carolina Raptor Center,2013,Article about culture.,raptors; wildlife; conservation,"Huntersville, NC; USA.",Carolina Raptor Center archives. carolinaraptorcenter.org.,application/pdf,Image;StillImage,co65,eng,"This Item is protected by copyright and/or related rights. You are free to use this Item in any way that is permitted by the copyright and related rights legislation that applies to your use. In addition, no permission is required from the rights-holder(s) for educational uses. For other uses, you need to obtain permission from the rights-holder(s).",https://rightsstatements.org/page/InC-EDU/1.0/?language=en
co66.pdf,co66.pdf,Undated Charlotte Observer Article,Carolina Raptor Center,n.d.,Article about Eagle.,raptors; wildlife; conservation,"Huntersville, NC; USA.",Carolina Raptor Center archives. carolinaraptorcenter.org.,application/pdf,Image;StillImage,co66,eng,"This Item is protected by copyright and/or related rights. You are free to use this Item in any way that is permitted by the copyright and related rights legislation that applies to your use. In addition, no permission is required from the rights-holder(s) for educational uses. For other uses, you need to obtain permission from the rights-holder(s).",https://rightsstatements.org/page/InC-EDU/1.0/?language=en
co67.pdf,co67.pdf,"Charlotte Observer May 4, 2015",Carolina Raptor Center,2015,Article about Eagle home.,raptors; wildlife; conservation,"Huntersville, NC; USA.",Carolina Raptor Center archives. carolinaraptorcenter.org.,application/pdf,Image;StillImage,co67,eng,"This Item is protected by copyright and/or related rights. You are free to use this Item in any way that is permitted by the copyright and related rights legislation that applies to your use. In addition, no permission is required from the rights-holder(s) for educational uses. For other uses, you need to obtain permission from the rights-holder(s).",https://rightsstatements.org/page/InC-EDU/1.0/?language=en
co68.pdf,co68.pdf,"Charlotte Observer September 16, 2015",Carolina Raptor Center,2015,Article about vultures.,raptors; wildlife; conservation,"Huntersville, NC; USA.",Carolina Raptor Center archives. carolinaraptorcenter.org.,application/pdf,Image;StillImage,co68,eng,"This Item is protected by copyright and/or related rights. You are free to use this Item in any way that is permitted by the copyright and related rights legislation that applies to your use. In addition, no permission is required from the rights-holder(s) for educational uses. For other uses, you need to obtain permission from the rights-holder(s).",https://rightsstatements.org/page/InC-EDU/1.0/?language=en